INSERT INTO role VALUES (1,'ADMIN');
INSERT INTO role VALUES (2,'Employee');

insert into user (user_id, active, email, firstname, lastname, password) values (2, 1, 'schater0@wisc.edu', 'Sigismund', 'Chater', 'H2JsObIs');
insert into user (user_id, active, email, firstname, lastname, password) values (3, 1, 'fstrowthers1@webnode.com', 'Fonsie', 'Strowthers', 'joujTFsecl');
insert into user (user_id, active, email, firstname, lastname, password) values (5, 0, 'ftosney2@cam.ac.uk', 'Forester', 'Tosney', 'mN3zcSIMuMy');
insert into user (user_id, active, email, firstname, lastname, password) values (6, 1, 'mireson3@yolasite.com', 'Maridel', 'Ireson', 'pIhzMY5');
insert into user (user_id, active, email, firstname, lastname, password) values (12, 0, 'bjeyes4@tinyurl.com', 'Beryl', 'Jeyes', 'VScARmeY');
insert into user (user_id, active, email, firstname, lastname, password) values (16, 0, 'dplumer5@alibaba.com', 'Diego', 'Plumer', 'NLEQZz');
insert into user (user_id, active, email, firstname, lastname, password) values (19, 1, 'jdoerrling6@phpbb.com', 'Jud', 'Doerrling', 'Bf0Byzh0i');
insert into user (user_id, active, email, firstname, lastname, password) values (22, 0, 'agounet7@delicious.com', 'April', 'Gounet', 'nMfvwqGjK');
insert into user (user_id, active, email, firstname, lastname, password) values (23, 0, 'agoshawke8@tripod.com', 'Albrecht', 'Goshawke', 'HHYS4dD9g');
insert into user (user_id, active, email, firstname, lastname, password) values (24, 1, 'bbruggen9@samsung.com', 'Brandon', 'Bruggen', 'j9bLtdpH');
insert into user (user_id, active, email, firstname, lastname, password) values (30, 0, 'fdeekesa@salon.com', 'Florance', 'Deekes', 'foNDmp');
insert into user (user_id, active, email, firstname, lastname, password) values (31, 1, 'ldimitriadesb@bing.com', 'Luz', 'Dimitriades', 'eeKtpM4Gn');
insert into user (user_id, active, email, firstname, lastname, password) values (32, 1, 'opatrichec@chronoengine.com', 'Otes', 'Patriche', 'B7t5mGzo');
insert into user (user_id, active, email, firstname, lastname, password) values (36, 1, 'clappind@bravesites.com', 'Cosme', 'Lappin', 'gorWpJVFR0x');
insert into user (user_id, active, email, firstname, lastname, password) values (43, 0, 'tpaolie@homestead.com', 'Trudey', 'Paoli', 'v1mUyrtxvR9');
insert into user (user_id, active, email, firstname, lastname, password) values (45, 1, 'jianinottif@topsy.com', 'Jenn', 'Ianinotti', 'hT8xKry8');
insert into user (user_id, active, email, firstname, lastname, password) values (51, 1, 'smcmeylerg@nationalgeographic.com', 'Shurlocke', 'McMeyler', 'JpZO0DJ8454');
insert into user (user_id, active, email, firstname, lastname, password) values (54, 1, 'gkytleyh@microsoft.com', 'Gipsy', 'Kytley', 'BcVNhdNPf');

INSERT INTO Categories VALUES (1,'Dairy_Products','Milk and cheese products', 0);
INSERT INTO Categories VALUES (2,'Beverages','Softdrinks,cofee,tea', 0);
INSERT INTO Categories VALUES(3,'Meat_Products','Fresh Meats', 0);
INSERT INTO Categories VALUES(4,'Fresh_Produce','Fresh Vegetables & fruits', 0);
INSERT INTO Categories VALUES(5,'Confections','Sweets & candies', 0);
INSERT INTO Categories VALUES(6,'Seafoods', 'Fish', 0);
INSERT INTO Categories VALUES(7,'Bakery','Bread & cookies', 0);
INSERT INTO Categories VALUES(8,'Stationery','Office Supplies', 0);
INSERT INTO Categories VALUES(9,'Cooking Oils','Cooking Requirements', 0);
INSERT INTO Categories VALUES(10,'Sauce','All Sauces', 0);


INSERT INTO Suppliers(suppliers_id, company_name, contact_name, contact_designation, phone_number, address, city, zip_code, country, version) VALUES(1,'Best Breweries','Cooper','Product manager',2132234780,'51 Albert St','New Orleans',54231,'USA', 0);
INSERT INTO Suppliers(suppliers_id, company_name, contact_name, contact_designation, phone_number, address, city, zip_code, country, version) VALUES(2,'US Traders','Peterson','Marketing manager',1382614798,'Vista Grand,75','Boston',64253,'USA', 0);
INSERT INTO Suppliers(suppliers_id, company_name, contact_name, contact_designation, phone_number, address, city, zip_code, country, version) VALUES(3,'Jimmys Diary','Joe','Sales manager',2012234680,'111 Main Avn','Newyork',42731,'USA', 0);
INSERT INTO Suppliers(suppliers_id, company_name, contact_name, contact_designation, phone_number, address, city, zip_code, country, version) VALUES(4,'Grandmas Bakery','Saylor','Owner',1135534780,'Oxford Cir, 92','Portland',94276,'USA', 0);
INSERT INTO Suppliers(suppliers_id, company_name, contact_name, contact_designation, phone_number, address, city, zip_code, country, version) VALUES(5,'Heli & co','Ian','Sales manager',2002348760,'158 Kingston Rd','Orlando',37067,'USA', 0);
INSERT INTO Suppliers(suppliers_id, company_name, contact_name, contact_designation, phone_number, address, city, zip_code, country, version) VALUES(6,'Benton  John B Jr','James Butt','Manager',5046218927,'6649 N Blue Gum St','New Orleans',70116,'USA', 0);
INSERT INTO Suppliers(suppliers_id, company_name, contact_name, contact_designation, phone_number, address, city, zip_code, country, version) VALUES(7,'Chanay  Jeffrey A Esq','Josephine Darakjy','Manager',8102929388,'4 B Blue Ridge Blvd','Brighton',48116,'USA', 0);
INSERT INTO Suppliers(suppliers_id, company_name, contact_name, contact_designation, phone_number, address, city, zip_code, country, version) VALUES(8,'Chemel  James L Cpa','Art Venere','Manager',8566368749,'8 W Cerritos Ave #54','Bridgeport',58014,'USA', 0);
INSERT INTO Suppliers(suppliers_id, company_name, contact_name, contact_designation, phone_number, address, city, zip_code, country, version) VALUES(9,'Feltz Printing Service','Lenna Paprocki','Manager',9073854412,'639 Main St','Anchorage',99501,'USA', 0);
INSERT INTO Suppliers(suppliers_id, company_name, contact_name, contact_designation, phone_number, address, city, zip_code, country, version) VALUES(10,'Printing Dimensions','Donette Foller','Manager',5135701893,'34 Center St','Hamilton',45011,'USA', 0);
INSERT INTO Suppliers(suppliers_id, company_name, contact_name, contact_designation, phone_number, address, city, zip_code, country, version) VALUES(11,'Chapman  Ross E Esq','Simona Morasca','Manager',4195032484,'3 Mcauley Dr','Ashland',44805,'USA', 0);
INSERT INTO Suppliers(suppliers_id, company_name, contact_name, contact_designation, phone_number, address, city, zip_code, country, version) VALUES(12,'Morlong Associates','Mitsue Tollner','Manager',7735736914,'7 Eads St','Chicago',60632,'USA', 0);
INSERT INTO Suppliers(suppliers_id, company_name, contact_name, contact_designation, phone_number, address, city, zip_code, country, version) VALUES(13,'Commercial Press','Leota Dilliard','Manager',4087523500,'7 W Jackson Blvd','San Jose',95111,'USA', 0);
INSERT INTO Suppliers(suppliers_id, company_name, contact_name, contact_designation, phone_number, address, city, zip_code, country, version) VALUES(14,'Truhlar And Truhlar Attys','Sage Wieser','Manager',6054142147,'5 Boston Ave #88','Sioux Falls',57105,'USA', 0);
INSERT INTO Suppliers(suppliers_id, company_name, contact_name, contact_designation, phone_number, address, city, zip_code, country, version) VALUES(15,'King  Christopher A Esq','Kris Marrier','Manager',4106558723,'228 Runamuck Pl #2808','Baltimore',21224,'USA', 0);
INSERT INTO Suppliers(suppliers_id, company_name, contact_name, contact_designation, phone_number, address, city, zip_code, country, version) VALUES(16,'Dorl  James J Esq','Minna Amigon','Manager',2158741229,'2371 Jerrold Ave','Kulpsville',19443,'USA', 0);
INSERT INTO Suppliers(suppliers_id, company_name, contact_name, contact_designation, phone_number, address, city, zip_code, country, version) VALUES(17,'Rangoni Of Florence','Abel Maclead','Manager',6313353414,'37275 St  Rt 17m M','Middle Island',11953,'USA', 0);
INSERT INTO Suppliers(suppliers_id, company_name, contact_name, contact_designation, phone_number, address, city, zip_code, country, version) VALUES(18,'Feiner Bros','Kiley Caldarera','Manager',3104985651,'25 E 75th St #69','Los Angeles',90034,'USA', 0);
INSERT INTO Suppliers(suppliers_id, company_name, contact_name, contact_designation, phone_number, address, city, zip_code, country, version) VALUES(19,'Buckley Miller & Wright','Graciela Ruta','Manager',4407808425,'98 Connecticut Ave Nw','Chagrin Falls',44023,'USA', 0);
INSERT INTO Suppliers(suppliers_id, company_name, contact_name, contact_designation, phone_number, address, city, zip_code, country, version) VALUES(20,'Rousseaux  Michael Esq','Cammy Albares','Manager',9565376195,'56 E Morehead St','Laredo',78045,'USA', 0);
INSERT INTO Suppliers(suppliers_id, company_name, contact_name, contact_designation, phone_number, address, city, zip_code, country, version) VALUES(21,'Century Communications','Mattie Poquette','Manager',6022774385,'73 State Road 434 E','Phoenix',85013,'USA', 0);
INSERT INTO Suppliers(suppliers_id, company_name, contact_name, contact_designation, phone_number, address, city, zip_code, country, version) VALUES(22,'Bolton  Wilbur Esq','Meaghan Garufi','Manager',9313139635,'69734 E Carrillo St','Mc Minnville',37110,'USA', 0);
INSERT INTO Suppliers(suppliers_id, company_name, contact_name, contact_designation, phone_number, address, city, zip_code, country, version) VALUES(23,'T M Byxbee Company Pc','Gladys Rim','Manager',4146619598,'322 New Horizon Blvd','Milwaukee',53207,'USA', 0);
INSERT INTO Suppliers(suppliers_id, company_name, contact_name, contact_designation, phone_number, address, city, zip_code, country, version) VALUES(24,'Farmers Insurance Group','Yuki Whobrey','Manager',3132887937,'1 State Route 27','Taylor',48180,'USA', 0);
INSERT INTO Suppliers(suppliers_id, company_name, contact_name, contact_designation, phone_number, address, city, zip_code, country, version) VALUES(25,'Post Box Services Plus','Fletcher Flosi','Manager',8158282147,'394 Manchester Blvd','Rockford',61109,'USA', 0);
INSERT INTO Suppliers(suppliers_id, company_name, contact_name, contact_designation, phone_number, address, city, zip_code, country, version) VALUES(26,'Sport En Art','Bette Nicka','Manager',6105453615,'6 S 33rd St','Aston',19014,'USA', 0);
INSERT INTO Suppliers(suppliers_id, company_name, contact_name, contact_designation, phone_number, address, city, zip_code, country, version) VALUES(27,'C 4 Network Inc','Veronika Inouye','Manager',4085401785,'6 Greenleaf Ave','San Jose',95111,'USA', 0);
INSERT INTO Suppliers(suppliers_id, company_name, contact_name, contact_designation, phone_number, address, city, zip_code, country, version) VALUES(28,'Ingalls  Donald R Esq','Willard Kolmetz','Manager',9723039197,'618 W Yakima Ave','Irving',75062,'USA', 0);
INSERT INTO Suppliers(suppliers_id, company_name, contact_name, contact_designation, phone_number, address, city, zip_code, country, version) VALUES(29,'Franklin  Peter L Esq','Maryann Royster','Manager',5189667987,'74 S Westgate St','Albany',12204,'USA', 0);
INSERT INTO Suppliers(suppliers_id, company_name, contact_name, contact_designation, phone_number, address, city, zip_code, country, version) VALUES(30,'Wtlz Power 107 Fm','Alisha Slusarski','Manager',7326583154,'3273 State St','Middlesex',8846,'USA', 0);
INSERT INTO Suppliers(suppliers_id, company_name, contact_name, contact_designation, phone_number, address, city, zip_code, country, version) VALUES(31,'Ledecky  David Esq','Allene Iturbide','Manager',7156626764,'1 Central Ave','Stevens Point',54481,'USA', 0);
INSERT INTO Suppliers(suppliers_id, company_name, contact_name, contact_designation, phone_number, address, city, zip_code, country, version) VALUES(32,'Professional Image Inc','Chanel Caudy','Manager',9133882079,'86 Nw 66th St #8673','Shawnee',66218,'USA', 0);
INSERT INTO Suppliers(suppliers_id, company_name, contact_name, contact_designation, phone_number, address, city, zip_code, country, version) VALUES(33,'Sider  Donald C Esq','Ezekiel Chui','Manager',4106691642,'2 Cedar Ave #84','Easton',21601,'USA', 0);
INSERT INTO Suppliers(suppliers_id, company_name, contact_name, contact_designation, phone_number, address, city, zip_code, country, version) VALUES(34,'U Pull It','Willow Kusko','Manager',2125824976,'90991 Thorburn Ave','New York',10011,'USA', 0);
INSERT INTO Suppliers(suppliers_id, company_name, contact_name, contact_designation, phone_number, address, city, zip_code, country, version) VALUES(35,'Clark  Richard Cpa','Bernardo Figeroa','Manager',9363363951,'386 9th Ave N','Conroe',77301,'USA', 0);
INSERT INTO Suppliers(suppliers_id, company_name, contact_name, contact_designation, phone_number, address, city, zip_code, country, version) VALUES(36,'Moskowitz  Barry S','Ammie Corrio','Manager',6148019788,'74874 Atlantic Ave','Columbus',43215,'USA', 0);
INSERT INTO Suppliers(suppliers_id, company_name, contact_name, contact_designation, phone_number, address, city, zip_code, country, version) VALUES(37,'Cascade Realty Advisors Inc','Francine Vocelka','Manager',5059773911,'366 South Dr','Las Cruces',88011,'USA', 0);
INSERT INTO Suppliers(suppliers_id, company_name, contact_name, contact_designation, phone_number, address, city, zip_code, country, version) VALUES(38,'Knwz Newsradio','Ernie Stenseth','Manager',2017096245,'45 E Liberty St','Ridgefield Park',7660,'USA', 0);
INSERT INTO Suppliers(suppliers_id, company_name, contact_name, contact_designation, phone_number, address, city, zip_code, country, version) VALUES(39,'Giampetro  Anthony D','Albina Glick','Manager',7329247882,'4 Ralph Ct','Dunellen',8812,'USA', 0);
INSERT INTO Suppliers(suppliers_id, company_name, contact_name, contact_designation, phone_number, address, city, zip_code, country, version) VALUES(40,'Milford Enterprises Inc','Alishia Sergi','Manager',2128601579,'2742 Distribution Way','New York',10025,'USA', 0);
INSERT INTO Suppliers(suppliers_id, company_name, contact_name, contact_designation, phone_number, address, city, zip_code, country, version) VALUES(41,'Mosocco  Ronald A','Solange Shinko','Manager',5049799175,'426 Wolf St','Metairie',70002,'USA', 0);
INSERT INTO Suppliers(suppliers_id, company_name, contact_name, contact_designation, phone_number, address, city, zip_code, country, version) VALUES(42,'Tri State Refueler Co','Jose Stockham','Manager',2126758570,'128 Bransten Rd','New York',10011,'USA', 0);
INSERT INTO Suppliers(suppliers_id, company_name, contact_name, contact_designation, phone_number, address, city, zip_code, country, version) VALUES(43,'Parkway Company','Rozella Ostrosky','Manager',8058326163,'17 Morena Blvd','Camarillo',93012,'USA', 0);
INSERT INTO Suppliers(suppliers_id, company_name, contact_name, contact_designation, phone_number, address, city, zip_code, country, version) VALUES(44,'Fbs Business Finance','Valentine Gillian','Manager',2108129597,'775 W 17th St','San Antonio',78204,'USA', 0);
INSERT INTO Suppliers(suppliers_id, company_name, contact_name, contact_designation, phone_number, address, city, zip_code, country, version) VALUES(45,'Eder Assocs Consltng Engrs Pc','Kati Rulapaugh','Manager',7854637829,'6980 Dorsett Rd','Abilene',67410,'USA', 0);
INSERT INTO Suppliers(suppliers_id, company_name, contact_name, contact_designation, phone_number, address, city, zip_code, country, version) VALUES(46,'Tri M Tool Inc','Youlanda Schemmer','Manager',5415488197,'2881 Lewis Rd','Prineville',97754,'USA', 0);
INSERT INTO Suppliers(suppliers_id, company_name, contact_name, contact_designation, phone_number, address, city, zip_code, country, version) VALUES(47,'International Eyelets Inc','Dyan Oldroyd','Manager',9134134604,'7219 Woodfield Rd','Overland Park',66204,'USA', 0);
INSERT INTO Suppliers(suppliers_id, company_name, contact_name, contact_designation, phone_number, address, city, zip_code, country, version) VALUES(48,'Rapid Trading Intl','Roxane Campain','Manager',9072314722,'1048 Main St','Fairbanks',99708,'USA', 0);
INSERT INTO Suppliers(suppliers_id, company_name, contact_name, contact_designation, phone_number, address, city, zip_code, country, version) VALUES(49,'Abc Enterprises Inc','Lavera Perin','Manager',3056067291,'678 3rd Ave','Miami',33196,'USA', 0);
INSERT INTO Suppliers(suppliers_id, company_name, contact_name, contact_designation, phone_number, address, city, zip_code, country, version) VALUES(50,'Cindy Turner Associates','Erick Ferencz','Manager',9077411044,'20 S Babcock St','Fairbanks',99712,'USA', 0);
INSERT INTO Suppliers(suppliers_id, company_name, contact_name, contact_designation, phone_number, address, city, zip_code, country, version) VALUES(51,'Stanton  James D Esq','Fatima Saylors','Manager',9527682416,'2 Lighthouse Ave','Hopkins',55343,'USA', 0);
INSERT INTO Suppliers(suppliers_id, company_name, contact_name, contact_designation, phone_number, address, city, zip_code, country, version) VALUES(52,'Grace Pastries Inc','Jina Briddick','Manager',6173995124,'38938 Park Blvd','Boston',2128,'USA', 0);
INSERT INTO Suppliers(suppliers_id, company_name, contact_name, contact_designation, phone_number, address, city, zip_code, country, version) VALUES(53,'Schroer  Gene E Esq','Kanisha Waycott','Manager',3234532780,'5 Tomahawk Dr','Los Angeles',90006,'USA', 0);
INSERT INTO Suppliers(suppliers_id, company_name, contact_name, contact_designation, phone_number, address, city, zip_code, country, version) VALUES(54,'Knights Inn','Emerson Bowley','Manager',6083367444,'762 S Main St','Madison',53711,'USA', 0);
INSERT INTO Suppliers(suppliers_id, company_name, contact_name, contact_designation, phone_number, address, city, zip_code, country, version) VALUES(55,'Bollinger Mach Shp & Shipyard','Blair Malet','Manager',2159079111,'209 Decker Dr','Philadelphia',19132,'USA', 0);
INSERT INTO Suppliers(suppliers_id, company_name, contact_name, contact_designation, phone_number, address, city, zip_code, country, version) VALUES(56,'Orinda News','Brock Bolognia','Manager',2124029216,'4486 W O St #1','New York',10003,'USA', 0);
INSERT INTO Suppliers(suppliers_id, company_name, contact_name, contact_designation, phone_number, address, city, zip_code, country, version) VALUES(57,'Ballard Spahr Andrews','Lorrie Nestle','Manager',9318756644,'39 S 7th St','Tullahoma',37388,'USA', 0);
INSERT INTO Suppliers(suppliers_id, company_name, contact_name, contact_designation, phone_number, address, city, zip_code, country, version) VALUES(58,'Lowy Limousine Service','Sabra Uyetake','Manager',8039255213,'98839 Hawthorne Blvd #6101','Columbia',29201,'USA', 0);
INSERT INTO Suppliers(suppliers_id, company_name, contact_name, contact_designation, phone_number, address, city, zip_code, country, version) VALUES(59,'Vicon Corporation','Marjory Mastella','Manager',6108145533,'71 San Mateo Ave','Wayne',19087,'USA', 0);
INSERT INTO Suppliers(suppliers_id, company_name, contact_name, contact_designation, phone_number, address, city, zip_code, country, version) VALUES(60,'Rossi  Michael M','Karl Klonowski','Manager',9088776135,'76 Brooks St #9','Flemington',8822,'USA', 0);
INSERT INTO Suppliers(suppliers_id, company_name, contact_name, contact_designation, phone_number, address, city, zip_code, country, version) VALUES(61,'Northwest Publishing','Tonette Wenner','Manager',5169686051,'4545 Courthouse Rd','Westbury',11590,'USA', 0);
INSERT INTO Suppliers(suppliers_id, company_name, contact_name, contact_designation, phone_number, address, city, zip_code, country, version) VALUES(62,'Branford Wire & Mfg Co','Amber Monarrez','Manager',2159348655,'14288 Foster Ave #4121','Jenkintown',19046,'USA', 0);
INSERT INTO Suppliers(suppliers_id, company_name, contact_name, contact_designation, phone_number, address, city, zip_code, country, version) VALUES(63,'East Coast Marketing','Shenika Seewald','Manager',8184234007,'4 Otis St','Van Nuys',91405,'USA', 0);
INSERT INTO Suppliers(suppliers_id, company_name, contact_name, contact_designation, phone_number, address, city, zip_code, country, version) VALUES(64,'Wye Technologies Inc','Delmy Ahle','Manager',4014582547,'65895 S 16th St','Providence',2909,'USA', 0);
INSERT INTO Suppliers(suppliers_id, company_name, contact_name, contact_designation, phone_number, address, city, zip_code, country, version) VALUES(65,'Healy  George W Iv','Deeanna Juhas','Manager',2152119589,'14302 Pennsylvania Ave','Huntingdon Valley',19006,'USA', 0);
INSERT INTO Suppliers(suppliers_id, company_name, contact_name, contact_designation, phone_number, address, city, zip_code, country, version) VALUES(66,'Alpenlite Inc','Blondell Pugh','Manager',4019608259,'201 Hawk Ct','Providence',2904,'USA', 0);
INSERT INTO Suppliers(suppliers_id, company_name, contact_name, contact_designation, phone_number, address, city, zip_code, country, version) VALUES(67,'Hubbard  Bruce Esq','Jamal Vanausdal','Manager',7322341546,'53075 Sw 152nd Ter #615','Monroe Township',8831,'USA', 0);
INSERT INTO Suppliers(suppliers_id, company_name, contact_name, contact_designation, phone_number, address, city, zip_code, country, version) VALUES(68,'Arthur A Oliver & Son Inc','Cecily Hollack','Manager',5124863817,'59 N Groesbeck Hwy','Austin',78731,'USA', 0);
INSERT INTO Suppliers(suppliers_id, company_name, contact_name, contact_designation, phone_number, address, city, zip_code, country, version) VALUES(69,'George Jessop Carter Jewelers','Carmelina Lindall','Manager',3037247371,'2664 Lewis Rd','Littleton',80126,'USA', 0);
INSERT INTO Suppliers(suppliers_id, company_name, contact_name, contact_designation, phone_number, address, city, zip_code, country, version) VALUES(70,'Schultz  Thomas C Md','Maurine Yglesias','Manager',4147481374,'59 Shady Ln #53','Milwaukee',53214,'USA', 0);
INSERT INTO Suppliers(suppliers_id, company_name, contact_name, contact_designation, phone_number, address, city, zip_code, country, version) VALUES(71,'H H H Enterprises Inc','Tawna Buvens','Manager',2126749610,'3305 Nabell Ave #679','New York',10009,'USA', 0);
INSERT INTO Suppliers(suppliers_id, company_name, contact_name, contact_designation, phone_number, address, city, zip_code, country, version) VALUES(72,'Hawaiian King Hotel','Penney Weight','Manager',9077979628,'18 Fountain St','Anchorage',99515,'USA', 0);
INSERT INTO Suppliers(suppliers_id, company_name, contact_name, contact_designation, phone_number, address, city, zip_code, country, version) VALUES(73,'Killion Industries','Elly Morocco','Manager',8143935571,'7 W 32nd St','Erie',16502,'USA', 0);
INSERT INTO Suppliers(suppliers_id, company_name, contact_name, contact_designation, phone_number, address, city, zip_code, country, version) VALUES(74,'Robinson  William J Esq','Ilene Eroman','Manager',4109149018,'2853 S Central Expy','Glen Burnie',21061,'USA', 0);
INSERT INTO Suppliers(suppliers_id, company_name, contact_name, contact_designation, phone_number, address, city, zip_code, country, version) VALUES(75,'Private Properties','Vallie Mondella','Manager',2088625339,'74 W College St','Boise',83707,'USA', 0);
INSERT INTO Suppliers(suppliers_id, company_name, contact_name, contact_designation, phone_number, address, city, zip_code, country, version) VALUES(76,'Rowley Schlimgen Inc','Kallie Blackwood','Manager',4153152761,'701 S Harrison Rd','San Francisco',94104,'USA', 0);
INSERT INTO Suppliers(suppliers_id, company_name, contact_name, contact_designation, phone_number, address, city, zip_code, country, version) VALUES(77,'Forging Specialties','Johnetta Abdallah','Manager',9192259345,'1088 Pinehurst St','Chapel Hill',27514,'USA', 0);
INSERT INTO Suppliers(suppliers_id, company_name, contact_name, contact_designation, phone_number, address, city, zip_code, country, version) VALUES(78,'Smits  Patricia Garity','Bobbye Rhym','Manager',6505285783,'30 W 80th St #1995','San Carlos',94070,'USA', 0);
INSERT INTO Suppliers(suppliers_id, company_name, contact_name, contact_designation, phone_number, address, city, zip_code, country, version) VALUES(79,'H Lee Leonard Attorney At Law','Micaela Rhymes','Manager',9256473298,'20932 Hedley St','Concord',94520,'USA', 0);
INSERT INTO Suppliers(suppliers_id, company_name, contact_name, contact_designation, phone_number, address, city, zip_code, country, version) VALUES(80,'A K Construction Co','Tamar Hoogland','Manager',7403438575,'2737 Pistorio Rd #9230','London',43140,'USA', 0);
INSERT INTO Suppliers(suppliers_id, company_name, contact_name, contact_designation, phone_number, address, city, zip_code, country, version) VALUES(81,'Ambelang  Jessica M Md','Moon Parlato','Manager',5858668313,'74989 Brandon St','Wellsville',14895,'USA', 0);
INSERT INTO Suppliers(suppliers_id, company_name, contact_name, contact_designation, phone_number, address, city, zip_code, country, version) VALUES(82,'Q A Service','Laurel Reitler','Manager',4105204832,'6 Kains Ave','Baltimore',21215,'USA', 0);
INSERT INTO Suppliers(suppliers_id, company_name, contact_name, contact_designation, phone_number, address, city, zip_code, country, version) VALUES(83,'Wood & Whitacre Contractors','Delisa Crupi','Manager',9733542040,'47565 W Grand Ave','Newark',7105,'USA', 0);
INSERT INTO Suppliers(suppliers_id, company_name, contact_name, contact_designation, phone_number, address, city, zip_code, country, version) VALUES(84,'Mark Iv Press Ltd','Viva Toelkes','Manager',7734465569,'4284 Dorigo Ln','Chicago',60647,'USA', 0);
INSERT INTO Suppliers(suppliers_id, company_name, contact_name, contact_designation, phone_number, address, city, zip_code, country, version) VALUES(85,'Museum Of Science & Industry','Elza Lipke','Manager',9739273447,'6794 Lake Dr E','Newark',7104,'USA', 0);
INSERT INTO Suppliers(suppliers_id, company_name, contact_name, contact_designation, phone_number, address, city, zip_code, country, version) VALUES(86,'Garrison Ind','Devorah Chickering','Manager',5059758559,'31 Douglas Blvd #950','Clovis',88101,'USA', 0);
INSERT INTO Suppliers(suppliers_id, company_name, contact_name, contact_designation, phone_number, address, city, zip_code, country, version) VALUES(87,'Saronix Nymph Products','Timothy Mulqueen','Manager',7183326527,'44 W 4th St','Staten Island',10309,'USA', 0);
INSERT INTO Suppliers(suppliers_id, company_name, contact_name, contact_designation, phone_number, address, city, zip_code, country, version) VALUES(88,'Smc Inc','Arlette Honeywell','Manager',9047754480,'11279 Loytan St','Jacksonville',32254,'USA', 0);
INSERT INTO Suppliers(suppliers_id, company_name, contact_name, contact_designation, phone_number, address, city, zip_code, country, version) VALUES(89,'E A I Electronic Assocs Inc','Dominque Dickerson','Manager',5109933758,'69 Marquette Ave','Hayward',94545,'USA', 0);
INSERT INTO Suppliers(suppliers_id, company_name, contact_name, contact_designation, phone_number, address, city, zip_code, country, version) VALUES(90,'Conte  Christopher A Esq','Lettie Isenhower','Manager',2166577668,'70 W Main St','Beachwood',44122,'USA', 0);
INSERT INTO Suppliers(suppliers_id, company_name, contact_name, contact_designation, phone_number, address, city, zip_code, country, version) VALUES(91,'Anker Law Office','Myra Munns','Manager',8179147518,'461 Prospect Pl #316','Euless',76040,'USA', 0);
INSERT INTO Suppliers(suppliers_id, company_name, contact_name, contact_designation, phone_number, address, city, zip_code, country, version) VALUES(92,'Beutelschies & Company','Stephaine Barfield','Manager',3107747643,'47154 Whipple Ave Nw','Gardena',90247,'USA', 0);
INSERT INTO Suppliers(suppliers_id, company_name, contact_name, contact_designation, phone_number, address, city, zip_code, country, version) VALUES(93,'Fligg  Kenneth I Jr','Lai Gato','Manager',8477287286,'37 Alabama Ave','Evanston',60201,'USA', 0);
INSERT INTO Suppliers(suppliers_id, company_name, contact_name, contact_designation, phone_number, address, city, zip_code, country, version) VALUES(94,'Sharp  J Daniel Esq','Stephen Emigh','Manager',3305375358,'3777 E Richmond St #900','Akron',44302,'USA', 0);
INSERT INTO Suppliers(suppliers_id, company_name, contact_name, contact_designation, phone_number, address, city, zip_code, country, version) VALUES(95,'Assink  Anne H Esq','Tyra Shields','Manager',2152551641,'3 Fort Worth Ave','Philadelphia',19106,'USA', 0);
INSERT INTO Suppliers(suppliers_id, company_name, contact_name, contact_designation, phone_number, address, city, zip_code, country, version) VALUES(96,'Jewel My Shop Inc','Tammara Wardrip','Manager',6508031936,'4800 Black Horse Pike','Burlingame',94010,'USA', 0);
INSERT INTO Suppliers(suppliers_id, company_name, contact_name, contact_designation, phone_number, address, city, zip_code, country, version) VALUES(97,'Chinese Translation Resources','Cory Gibes','Manager',6265721096,'83649 W Belmont Ave','San Gabriel',91776,'USA', 0);
INSERT INTO Suppliers(suppliers_id, company_name, contact_name, contact_designation, phone_number, address, city, zip_code, country, version) VALUES(98,'Stevens  Charles T','Danica Bruschke','Manager',2547828569,'840 15th Ave','Waco',76708,'USA', 0);
INSERT INTO Suppliers(suppliers_id, company_name, contact_name, contact_designation, phone_number, address, city, zip_code, country, version) VALUES(99,'Mclaughlin  Luther W Cpa','Wilda Giguere','Manager',9078705536,'1747 Calle Amanecer #2','Anchorage',99501,'USA', 0);
INSERT INTO Suppliers(suppliers_id, company_name, contact_name, contact_designation, phone_number, address, city, zip_code, country, version) VALUES(100,'Tree Musketeers','Elvera Benimadho','Manager',4087038505,'99385 Charity St #840','San Jose',95110,'USA', 0);
INSERT INTO Suppliers(suppliers_id, company_name, contact_name, contact_designation, phone_number, address, city, zip_code, country, version) VALUES(101,'Springfield Div Oh Edison Co','Carma Vanheusen','Manager',5105037169,'68556 Central Hwy','San Leandro',94577,'USA', 0);
INSERT INTO Suppliers(suppliers_id, company_name, contact_name, contact_designation, phone_number, address, city, zip_code, country, version) VALUES(102,'Logan Memorial Hospital','Malinda Hochard','Manager',3177225066,'55 Riverside Ave','Indianapolis',46202,'USA', 0);
INSERT INTO Suppliers(suppliers_id, company_name, contact_name, contact_designation, phone_number, address, city, zip_code, country, version) VALUES(103,'Kelly  Charles G Esq','Natalie Fern','Manager',3077048713,'7140 University Ave','Rock Springs',82901,'USA', 0);
INSERT INTO Suppliers(suppliers_id, company_name, contact_name, contact_designation, phone_number, address, city, zip_code, country, version) VALUES(104,'Industrial Paper Shredders Inc','Lisha Centini','Manager',7032353937,'64 5th Ave #1153','Mc Lean',22102,'USA', 0);


INSERT INTO Products(products_id, suppliers_id, category_id, product_name, unit_price, quantity_per_unit, units_in_stock, discount_percent, product_status, version) VALUES(1,1,2,'Chai',10,'10 bags',10,0,1, 0);
INSERT INTO Products(products_id, suppliers_id, category_id, product_name, unit_price, quantity_per_unit, units_in_stock, discount_percent, product_status, version) VALUES(2,3,1,'Tofu',5,'200 gms',10,0,0, 0);
INSERT INTO Products(products_id, suppliers_id, category_id, product_name, unit_price, quantity_per_unit, units_in_stock, discount_percent, product_status, version) VALUES(3,4,7,'Cookies',20,'2 boxes',5,2,1, 0);
INSERT INTO Products(products_id, suppliers_id, category_id, product_name, unit_price, quantity_per_unit, units_in_stock, discount_percent, product_status, version) VALUES(4,2,3,'Minced Meat',30,'3 tins',7,0,1, 0);
INSERT INTO Products(products_id, suppliers_id, category_id, product_name, unit_price, quantity_per_unit, units_in_stock, discount_percent, product_status, version) VALUES(5,5,5,'Sour candies',5,'5 box',10,0,1, 0);
INSERT INTO Products(products_id, suppliers_id, category_id, product_name, unit_price, quantity_per_unit, units_in_stock, discount_percent, product_status, version) VALUES(6,4,7,'Wheat bread',10,'2 packs',3,0,1, 0);
INSERT INTO Products(products_id, suppliers_id, category_id, product_name, unit_price, quantity_per_unit, units_in_stock, discount_percent, product_status, version) VALUES(7,2,4,'Onions',10,'2 bags',4,1,1, 0);
INSERT INTO Products(products_id, suppliers_id, category_id, product_name, unit_price, quantity_per_unit, units_in_stock, discount_percent, product_status, version) VALUES(8,'25','10','Tomato Sauce',10,'3 tins','10',0,'1', 0);
INSERT INTO Products(products_id, suppliers_id, category_id, product_name, unit_price, quantity_per_unit, units_in_stock, discount_percent, product_status, version) VALUES(9,'25','10','Alfredo Sauce',12,'3 tins','10',0,'1', 0);
INSERT INTO Products(products_id, suppliers_id, category_id, product_name, unit_price, quantity_per_unit, units_in_stock, discount_percent, product_status, version) VALUES(10,'2','3','Ham',3,'2 lb','10',0,'1', 0);
INSERT INTO Products(products_id, suppliers_id, category_id, product_name, unit_price, quantity_per_unit, units_in_stock, discount_percent, product_status, version) VALUES(11,'1','2','Green Tea',6,'30 bags','10',0,'1', 0);
INSERT INTO Products(products_id, suppliers_id, category_id, product_name, unit_price, quantity_per_unit, units_in_stock, discount_percent, product_status, version) VALUES(12,'1','2','Chamomile Tea',10,'30 bags','10',0,'1', 0);
INSERT INTO Products(products_id, suppliers_id, category_id, product_name, unit_price, quantity_per_unit, units_in_stock, discount_percent, product_status, version) VALUES(13,'1','2','Nestle Coffee',20,'500 gms','10',0,'1', 0);
INSERT INTO Products(products_id, suppliers_id, category_id, product_name, unit_price, quantity_per_unit, units_in_stock, discount_percent, product_status, version) VALUES(14,'1','2','Starbucks Coffee',5,'250 ml','10',0,'1', 0);
INSERT INTO Products(products_id, suppliers_id, category_id, product_name, unit_price, quantity_per_unit, units_in_stock, discount_percent, product_status, version) VALUES(15,'20','9','Olive Oil',15,'250 ml','10',0,'1', 0);
INSERT INTO Products(products_id, suppliers_id, category_id, product_name, unit_price, quantity_per_unit, units_in_stock, discount_percent, product_status, version) VALUES(16,'20','9','Vegetable Oil',6,'250 ml','10',0,'1', 0);
INSERT INTO Products(products_id, suppliers_id, category_id, product_name, unit_price, quantity_per_unit, units_in_stock, discount_percent, product_status, version) VALUES(17,'20','9','Peanut Oil',8,'250 ml','10',1,'1', 0);
INSERT INTO Products(products_id, suppliers_id, category_id, product_name, unit_price, quantity_per_unit, units_in_stock, discount_percent, product_status, version) VALUES(18,'20','9','Sesame Oil',9,'250 ml','10',0,'1', 0);
INSERT INTO Products(products_id, suppliers_id, category_id, product_name, unit_price, quantity_per_unit, units_in_stock, discount_percent, product_status, version) VALUES(19,'20','9','Sunflower Oil',5,'250 ml','10',0,'1', 0);
INSERT INTO Products(products_id, suppliers_id, category_id, product_name, unit_price, quantity_per_unit, units_in_stock, discount_percent, product_status, version) VALUES(20,'4','7','Whole Grain Bread',20,'2 packs','10',0,'0', 0);
INSERT INTO Products(products_id, suppliers_id, category_id, product_name, unit_price, quantity_per_unit, units_in_stock, discount_percent, product_status, version) VALUES(21,'4','7','Soft White Bread',15,'2 packs','10',0,'1', 0);
INSERT INTO Products(products_id, suppliers_id, category_id, product_name, unit_price, quantity_per_unit, units_in_stock, discount_percent, product_status, version) VALUES(22,'5','5','Sugar',5,'1 lb','10',0,'1', 0);
INSERT INTO Products(products_id, suppliers_id, category_id, product_name, unit_price, quantity_per_unit, units_in_stock, discount_percent, product_status, version) VALUES(23,'5','5','Stevia',10,'1 lb','10',0,'1', 0);
INSERT INTO Products(products_id, suppliers_id, category_id, product_name, unit_price, quantity_per_unit, units_in_stock, discount_percent, product_status, version) VALUES(24,'5','5','Agave',15,'150 ml','10',0,'1', 0);
INSERT INTO Products(products_id, suppliers_id, category_id, product_name, unit_price, quantity_per_unit, units_in_stock, discount_percent, product_status, version) VALUES(25,'5','5','Honey',10,'150 ml','10',0,'0', 0);
INSERT INTO Products(products_id, suppliers_id, category_id, product_name, unit_price, quantity_per_unit, units_in_stock, discount_percent, product_status, version) VALUES(26,'2','4','Apples',5,'1 lb','10',0,'1', 0);
INSERT INTO Products(products_id, suppliers_id, category_id, product_name, unit_price, quantity_per_unit, units_in_stock, discount_percent, product_status, version) VALUES(27,'2','4','Pears',5,'1 lb','10',0,'1', 0);
INSERT INTO Products(products_id, suppliers_id, category_id, product_name, unit_price, quantity_per_unit, units_in_stock, discount_percent, product_status, version) VALUES(28,'2','4','Grapes',3,'1 lb','10',0,'1', 0);
INSERT INTO Products(products_id, suppliers_id, category_id, product_name, unit_price, quantity_per_unit, units_in_stock, discount_percent, product_status, version) VALUES(29,'2','4','Kale',2,'1 bunch','10',0,'1', 0);
INSERT INTO Products(products_id, suppliers_id, category_id, product_name, unit_price, quantity_per_unit, units_in_stock, discount_percent, product_status, version) VALUES(30,'2','4','Banana',3,'1 lb','10',0,'1', 0);
INSERT INTO Products(products_id, suppliers_id, category_id, product_name, unit_price, quantity_per_unit, units_in_stock, discount_percent, product_status, version) VALUES(31,'2','4','Spinach',4,'1 box','10',0,'1', 0);
INSERT INTO Products(products_id, suppliers_id, category_id, product_name, unit_price, quantity_per_unit, units_in_stock, discount_percent, product_status, version) VALUES(32,'2','4','Peach',5,'1 lb','10',0,'1', 0);
INSERT INTO Products(products_id, suppliers_id, category_id, product_name, unit_price, quantity_per_unit, units_in_stock, discount_percent, product_status, version) VALUES(33,'2','4','Oranges',6,'1 lb','10',0,'1', 0);
INSERT INTO Products(products_id, suppliers_id, category_id, product_name, unit_price, quantity_per_unit, units_in_stock, discount_percent, product_status, version) VALUES(34,'2','4','Dates',10,'2 lb','10',0,'1', 0);
INSERT INTO Products(products_id, suppliers_id, category_id, product_name, unit_price, quantity_per_unit, units_in_stock, discount_percent, product_status, version) VALUES(35,'10','6','Frosen Shrimp',15,'2 lb','10',0,'1', 0);
INSERT INTO Products(products_id, suppliers_id, category_id, product_name, unit_price, quantity_per_unit, units_in_stock, discount_percent, product_status, version) VALUES(36,'10','6','Frozen Salmon',30,'4 lb','10',0,'1', 0);
INSERT INTO Products(products_id, suppliers_id, category_id, product_name, unit_price, quantity_per_unit, units_in_stock, discount_percent, product_status, version) VALUES(37,'10','6','Frozen Scallops',10,'1 lb','10',5,'1', 0);
INSERT INTO Products(products_id, suppliers_id, category_id, product_name, unit_price, quantity_per_unit, units_in_stock, discount_percent, product_status, version) VALUES(38,'10','6','Frozen Crab',10,'2 lb','10',0,'1', 0);
INSERT INTO Products(products_id, suppliers_id, category_id, product_name, unit_price, quantity_per_unit, units_in_stock, discount_percent, product_status, version) VALUES(39,'30','8','Pencils',3,'10 units','10',0,'1', 0);
INSERT INTO Products(products_id, suppliers_id, category_id, product_name, unit_price, quantity_per_unit, units_in_stock, discount_percent, product_status, version) VALUES(40,'30','8','Pens',5,'10 units','10',0,'0', 0);
INSERT INTO Products(products_id, suppliers_id, category_id, product_name, unit_price, quantity_per_unit, units_in_stock, discount_percent, product_status, version) VALUES(41,'30','8','Sketch Pens',1,'1 pack','10',1,'1', 0);
INSERT INTO Products(products_id, suppliers_id, category_id, product_name, unit_price, quantity_per_unit, units_in_stock, discount_percent, product_status, version) VALUES(42,'30','8','Highlighters',3,'1 pack','10',0,'1', 0);
INSERT INTO Products(products_id, suppliers_id, category_id, product_name, unit_price, quantity_per_unit, units_in_stock, discount_percent, product_status, version) VALUES(43,'30','8','Notebook',2,'2 units','10',0,'1', 0);
INSERT INTO Products(products_id, suppliers_id, category_id, product_name, unit_price, quantity_per_unit, units_in_stock, discount_percent, product_status, version) VALUES(44,'3','1','Milk',3,'1 gallon','10',0,'1', 0);
INSERT INTO Products(products_id, suppliers_id, category_id, product_name, unit_price, quantity_per_unit, units_in_stock, discount_percent, product_status, version) VALUES(45,'3','1','Butter',10,'1 lb','10',0,'1', 0);
INSERT INTO Products(products_id, suppliers_id, category_id, product_name, unit_price, quantity_per_unit, units_in_stock, discount_percent, product_status, version) VALUES(46,'3','1','Yogurt',10,'10 units','10',0,'0', 0);
INSERT INTO Products(products_id, suppliers_id, category_id, product_name, unit_price, quantity_per_unit, units_in_stock, discount_percent, product_status, version) VALUES(47,'3','1','Cream',10,'150 ml','10',0,'1', 0);
INSERT INTO Products(products_id, suppliers_id, category_id, product_name, unit_price, quantity_per_unit, units_in_stock, discount_percent, product_status, version) VALUES(48,'3','1','Cheese',20,'1 lb','10',0,'1', 0);



INSERT INTO Customers(customers_id,First_Name,Last_Name,Address,City,Zip_Code,Country,Phone_Number,Birth_Day, version) VALUES(1,'Manusha','Ponnam','6201 EP TRUE PKWY','wdm','50266','USA',5155556543,'1991-11-18', 0);
INSERT INTO Customers(customers_id,First_Name,Last_Name,Address,City,Zip_Code,Country,Phone_Number,Birth_Day, version) VALUES(2,'Radhika','Chandrasekaran','Obere Str. 57','Kanasa','80436','USA',5107771231,'1989-03-23', 0);
INSERT INTO Customers(customers_id,First_Name,Last_Name,Address,City,Zip_Code,Country,Phone_Number,Birth_Day, version) VALUES(3,'Bhagya','Pante','Grimes 46','wdm','50266','USA',5432561298,'1994-10-24', 0);
INSERT INTO Customers(customers_id,First_Name,Last_Name,Address,City,Zip_Code,Country, version) VALUES(4,'Ram','Chante','Fauntleroy Circus','Iowa city','51266','USA', 0);
INSERT INTO Customers(customers_id,First_Name,Last_Name, version) VALUES(5,'Carine','Schmitt', 0);
INSERT INTO Customers(customers_id,First_Name,Last_Name, version) VALUES(6,'Paolo','Accorti', 0);
INSERT INTO Customers(customers_id,First_Name,Last_Name,Address,City,Zip_Code,Country,Phone_Number,Birth_Day, version) VALUES(7,'Arlene','Klusman','3 Secor Rd','New Orleans','70112','USA',5049461807,'3/23/1989', 0);
INSERT INTO Customers(customers_id,First_Name,Last_Name,Address,City,Zip_Code,Country,Phone_Number,Birth_Day, version) VALUES(8,'Alease','Buemi','4 Webbs Chapel Rd','Boulder','80303','USA',3035219860,'3/23/1990', 0);
INSERT INTO Customers(customers_id,First_Name,Last_Name,Address,City,Zip_Code,Country,Phone_Number,Birth_Day, version) VALUES(9,'Louisa','Cronauer','524 Louisiana Ave Nw','San Leandro','94577','USA',5104727758,'3/23/1991', 0);
INSERT INTO Customers(customers_id,First_Name,Last_Name,Address,City,Zip_Code,Country,Phone_Number,Birth_Day, version) VALUES(10,'Angella','Cetta','185 Blackstone Bldge','Honolulu','96817','USA',8084752310,'3/23/1992', 0);
INSERT INTO Customers(customers_id,First_Name,Last_Name,Address,City,Zip_Code,Country,Phone_Number,Birth_Day, version) VALUES(11,'Cyndy','Goldammer','170 Wyoming Ave','Burnsville','55337','USA',9529389457,'3/23/1993', 0);
INSERT INTO Customers(customers_id,First_Name,Last_Name,Address,City,Zip_Code,Country,Phone_Number,Birth_Day, version) VALUES(12,'Rosio','Cork','4 10th St W','High Point','27263','USA',3364974407,'3/23/1994', 0);
INSERT INTO Customers(customers_id,First_Name,Last_Name,Address,City,Zip_Code,Country,Phone_Number,Birth_Day, version) VALUES(13,'Celeste','Korando','7 W Pinhook Rd','Lynbrook','11563','USA',5163657266,'3/23/1995', 0);
INSERT INTO Customers(customers_id,First_Name,Last_Name,Address,City,Zip_Code,Country,Phone_Number,Birth_Day, version) VALUES(14,'Twana','Felger','1 Commerce Way','Portland','97224','USA',5039097167,'3/23/1996', 0);
INSERT INTO Customers(customers_id,First_Name,Last_Name,Address,City,Zip_Code,Country,Phone_Number,Birth_Day, version) VALUES(15,'Estrella','Samu','64 Lakeview Ave','Beloit','53511','USA',6089428836,'3/23/1997', 0);
INSERT INTO Customers(customers_id,First_Name,Last_Name,Address,City,Zip_Code,Country,Phone_Number,Birth_Day, version) VALUES(16,'Donte','Kines','3 Aspen St','Worcester','1602','USA',5088431426,'3/23/1998', 0);
INSERT INTO Customers(customers_id,First_Name,Last_Name,Address,City,Zip_Code,Country,Phone_Number,Birth_Day, version) VALUES(17,'Tiffiny','Steffensmeier','32860 Sierra Rd','Miami','33133','USA',3053046573,'3/23/1999', 0);
INSERT INTO Customers(customers_id,First_Name,Last_Name,Address,City,Zip_Code,Country,Phone_Number,Birth_Day, version) VALUES(18,'Edna','Miceli','555 Main St','Erie','16502','USA',8142992877,'3/23/2000', 0);
INSERT INTO Customers(customers_id,First_Name,Last_Name,Address,City,Zip_Code,Country,Phone_Number,Birth_Day, version) VALUES(19,'Sue','Kownacki','2 Se 3rd Ave','Mesquite','75149','USA',9727424000,'3/23/2001', 0);
INSERT INTO Customers(customers_id,First_Name,Last_Name,Address,City,Zip_Code,Country,Phone_Number,Birth_Day, version) VALUES(20,'Jesusa','Shin','2239 Shawnee Mission Pky','Tullahoma','37388','USA',9317391551,'3/23/1989', 0);
INSERT INTO Customers(customers_id,First_Name,Last_Name,Address,City,Zip_Code,Country,Phone_Number,Birth_Day, version) VALUES(21,'Rolland','Francescon','2726 Charcot Ave','Paterson','7501','USA',9732844048,'3/23/1990', 0);
INSERT INTO Customers(customers_id,First_Name,Last_Name,Address,City,Zip_Code,Country,Phone_Number,Birth_Day, version) VALUES(22,'Pamella','Schmierer','5161 Dorsett Rd','Homestead','33030','USA',3055758481,'3/23/1991', 0);
INSERT INTO Customers(customers_id,First_Name,Last_Name,Address,City,Zip_Code,Country,Phone_Number,Birth_Day, version) VALUES(23,'Glory','Kulzer','55892 Jacksonville Rd','Owings Mills','21117','USA',4109168015,'3/23/1992', 0);
INSERT INTO Customers(customers_id,First_Name,Last_Name,Address,City,Zip_Code,Country,Phone_Number,Birth_Day, version) VALUES(24,'Shawna','Palaspas','5 N Cleveland Massillon Rd','Thousand Oaks','91362','USA',8056386617,'3/23/1993', 0);
INSERT INTO Customers(customers_id,First_Name,Last_Name,Address,City,Zip_Code,Country,Phone_Number,Birth_Day, version) VALUES(25,'Brandon','Callaro','7 Benton Dr','Honolulu','96819','USA',8082405168,'3/23/1994', 0);
INSERT INTO Customers(customers_id,First_Name,Last_Name,Address,City,Zip_Code,Country,Phone_Number,Birth_Day, version) VALUES(26,'Scarlet','Cartan','9390 S Howell Ave','Albany','31701','USA',2293659658,'3/23/1995', 0);
INSERT INTO Customers(customers_id,First_Name,Last_Name,Address,City,Zip_Code,Country,Phone_Number,Birth_Day, version) VALUES(27,'Oretha','Menter','8 County Center Dr #647','Boston','2210','USA',6176976024,'3/23/1996', 0);
INSERT INTO Customers(customers_id,First_Name,Last_Name,Address,City,Zip_Code,Country,Phone_Number,Birth_Day, version) VALUES(28,'Ty','Smith','4646 Kaahumanu St','Hackensack','7601','USA',2019953149,'3/23/1997', 0);
INSERT INTO Customers(customers_id,First_Name,Last_Name,Address,City,Zip_Code,Country,Phone_Number,Birth_Day, version) VALUES(29,'Xuan','Rochin','2 Monroe St','San Mateo','94403','USA',6502472625,'3/23/1998', 0);
INSERT INTO Customers(customers_id,First_Name,Last_Name,Address,City,Zip_Code,Country,Phone_Number,Birth_Day, version) VALUES(30,'Lindsey','Dilello','52777 Leaders Heights Rd','Ontario','91761','USA',9095891693,'3/23/1999', 0);
INSERT INTO Customers(customers_id,First_Name,Last_Name,Address,City,Zip_Code,Country,Phone_Number,Birth_Day, version) VALUES(31,'Devora','Perez','72868 Blackington Ave','Oakland','94606','USA',5107559274,'3/23/2000', 0);
INSERT INTO Customers(customers_id,First_Name,Last_Name,Address,City,Zip_Code,Country,Phone_Number,Birth_Day, version) VALUES(32,'Herman','Demesa','9 Norristown Rd','Troy','12180','USA',5189317852,'3/23/2001', 0);
INSERT INTO Customers(customers_id,First_Name,Last_Name,Address,City,Zip_Code,Country,Phone_Number,Birth_Day, version) VALUES(33,'Rory','Papasergi','83 County Road 437 #8581','Clarks Summit','18411','USA',5704698401,'3/23/1989', 0);
INSERT INTO Customers(customers_id,First_Name,Last_Name,Address,City,Zip_Code,Country,Phone_Number,Birth_Day, version) VALUES(34,'Talia','Riopelle','1 N Harlem Ave #9','Orange','7050','USA',9738189788,'3/23/1990', 0);
INSERT INTO Customers(customers_id,First_Name,Last_Name,Address,City,Zip_Code,Country,Phone_Number,Birth_Day, version) VALUES(35,'Van','Shire','90131 J St','Pittstown','8867','USA',9084481209,'3/23/1991', 0);
INSERT INTO Customers(customers_id,First_Name,Last_Name,Address,City,Zip_Code,Country,Phone_Number,Birth_Day, version) VALUES(36,'Lucina','Lary','8597 W National Ave','Cocoa','32922','USA',3216324668,'3/23/1992', 0);
INSERT INTO Customers(customers_id,First_Name,Last_Name,Address,City,Zip_Code,Country,Phone_Number,Birth_Day, version) VALUES(37,'Bok','Isaacs','6 Gilson St','Bronx','10468','USA',7184788568,'3/23/1993', 0);
INSERT INTO Customers(customers_id,First_Name,Last_Name,Address,City,Zip_Code,Country,Phone_Number,Birth_Day, version) VALUES(38,'Rolande','Spickerman','65 W Maple Ave','Pearl City','96782','USA',8085265863,'3/23/1994', 0);
INSERT INTO Customers(customers_id,First_Name,Last_Name,Address,City,Zip_Code,Country,Phone_Number,Birth_Day, version) VALUES(39,'Howard','Paulas','866 34th Ave','Denver','80231','USA',3036923118,'3/23/1995', 0);
INSERT INTO Customers(customers_id,First_Name,Last_Name,Address,City,Zip_Code,Country,Phone_Number,Birth_Day, version) VALUES(40,'Kimbery','Madarang','798 Lund Farm Way','Rockaway','7866','USA',9732256259,'3/23/1996', 0);
INSERT INTO Customers(customers_id,First_Name,Last_Name,Address,City,Zip_Code,Country,Phone_Number,Birth_Day, version) VALUES(41,'Thurman','Manno','9387 Charcot Ave','Absecon','8201','USA',6092348376,'3/23/1997', 0);
INSERT INTO Customers(customers_id,First_Name,Last_Name,Address,City,Zip_Code,Country,Phone_Number,Birth_Day, version) VALUES(42,'Becky','Mirafuentes','30553 Washington Rd','Plainfield','7062','USA',9084268272,'3/23/1998', 0);
INSERT INTO Customers(customers_id,First_Name,Last_Name,Address,City,Zip_Code,Country,Phone_Number,Birth_Day, version) VALUES(43,'Beatriz','Corrington','481 W Lemon St','Middleboro','2346','USA',5083153867,'3/23/1999', 0);
INSERT INTO Customers(customers_id,First_Name,Last_Name,Address,City,Zip_Code,Country,Phone_Number,Birth_Day, version) VALUES(44,'Marti','Maybury','4 Warehouse Point Rd #7','Chicago','60638','USA',7735391058,'3/23/2000', 0);
INSERT INTO Customers(customers_id,First_Name,Last_Name,Address,City,Zip_Code,Country,Phone_Number,Birth_Day, version) VALUES(45,'Nieves','Gotter','4940 Pulaski Park Dr','Portland','97202','USA',5034553094,'3/23/2001', 0);
INSERT INTO Customers(customers_id,First_Name,Last_Name,Address,City,Zip_Code,Country,Phone_Number,Birth_Day, version) VALUES(46,'Leatha','Hagele','627 Walford Ave','Dallas','75227','USA',2142255850,'3/23/1989', 0);
INSERT INTO Customers(customers_id,First_Name,Last_Name,Address,City,Zip_Code,Country,Phone_Number,Birth_Day, version) VALUES(47,'Valentin','Klimek','137 Pioneer Way','Chicago','60604','USA',3125122338,'3/23/1990', 0);
INSERT INTO Customers(customers_id,First_Name,Last_Name,Address,City,Zip_Code,Country,Phone_Number,Birth_Day, version) VALUES(48,'Melissa','Wiklund','61 13 Stoneridge #835','Findlay','45840','USA',4192544591,'3/23/1991', 0);
INSERT INTO Customers(customers_id,First_Name,Last_Name,Address,City,Zip_Code,Country,Phone_Number,Birth_Day, version) VALUES(49,'Sheridan','Zane','2409 Alabama Rd','Riverside','92501','USA',9512486822,'3/23/1992', 0);
INSERT INTO Customers(customers_id,First_Name,Last_Name,Address,City,Zip_Code,Country,Phone_Number,Birth_Day, version) VALUES(50,'Bulah','Padilla','8927 Vandever Ave','Waco','76707','USA',2548168417,'3/23/1993', 0);
INSERT INTO Customers(customers_id,First_Name,Last_Name,Address,City,Zip_Code,Country,Phone_Number,Birth_Day, version) VALUES(51,'Audra','Kohnert','134 Lewis Rd','Nashville','37211','USA',6154489249,'3/23/1994', 0);
INSERT INTO Customers(customers_id,First_Name,Last_Name,Address,City,Zip_Code,Country,Phone_Number,Birth_Day, version) VALUES(52,'Daren','Weirather','9 N College Ave #3','Milwaukee','53216','USA',4148383151,'3/23/1995', 0);
INSERT INTO Customers(customers_id,First_Name,Last_Name,Address,City,Zip_Code,Country,Phone_Number,Birth_Day, version) VALUES(53,'Fernanda','Jillson','60480 Old Us Highway 51','Preston','21655','USA',4107246472,'3/23/1996', 0);
INSERT INTO Customers(customers_id,First_Name,Last_Name,Address,City,Zip_Code,Country,Phone_Number,Birth_Day, version) VALUES(54,'Gearldine','Gellinger','4 Bloomfield Ave','Irving','75061','USA',9728217118,'3/23/1997', 0);
INSERT INTO Customers(customers_id,First_Name,Last_Name,Address,City,Zip_Code,Country,Phone_Number,Birth_Day, version) VALUES(55,'Chau','Kitzman','429 Tiger Ln','Beverly Hills','90212','USA',3109697230,'3/23/1998', 0);
INSERT INTO Customers(customers_id,First_Name,Last_Name,Address,City,Zip_Code,Country,Phone_Number,Birth_Day, version) VALUES(56,'Theola','Frey','54169 N Main St','Massapequa','11758','USA',5163573362,'3/23/1999', 0);
INSERT INTO Customers(customers_id,First_Name,Last_Name,Address,City,Zip_Code,Country,Phone_Number,Birth_Day, version) VALUES(57,'Cheryl','Haroldson','92 Main St','Atlantic City','8401','USA',6092639243,'3/23/2000', 0);
INSERT INTO Customers(customers_id,First_Name,Last_Name,Address,City,Zip_Code,Country,Phone_Number,Birth_Day, version) VALUES(58,'Laticia','Merced','72 Mannix Dr','Cincinnati','45203','USA',5134181566,'3/23/2001', 0);
INSERT INTO Customers(customers_id,First_Name,Last_Name,Address,City,Zip_Code,Country,Phone_Number,Birth_Day, version) VALUES(59,'Carissa','Batman','12270 Caton Center Dr','Eugene','97401','USA',5418015717,'3/23/1989', 0);
INSERT INTO Customers(customers_id,First_Name,Last_Name,Address,City,Zip_Code,Country,Phone_Number,Birth_Day, version) VALUES(60,'Lezlie','Craghead','749 W 18th St #45','Smithfield','27577','USA',9198852453,'3/23/1990', 0);
INSERT INTO Customers(customers_id,First_Name,Last_Name,Address,City,Zip_Code,Country,Phone_Number,Birth_Day, version) VALUES(61,'Ozell','Shealy','8 Industry Ln','New York','10002','USA',2128808865,'3/23/1991', 0);
INSERT INTO Customers(customers_id,First_Name,Last_Name,Address,City,Zip_Code,Country,Phone_Number,Birth_Day, version) VALUES(62,'Arminda','Parvis','1 Huntwood Ave','Phoenix','85017','USA',6022773025,'3/23/1992', 0);
INSERT INTO Customers(customers_id,First_Name,Last_Name,Address,City,Zip_Code,Country,Phone_Number,Birth_Day, version) VALUES(63,'Reita','Leto','55262 N French Rd','Indianapolis','46240','USA',3177875514,'3/23/1993', 0);
INSERT INTO Customers(customers_id,First_Name,Last_Name,Address,City,Zip_Code,Country,Phone_Number,Birth_Day, version) VALUES(64,'Yolando','Luczki','422 E 21st St','Syracuse','13214','USA',3156406357,'3/23/1994', 0);
INSERT INTO Customers(customers_id,First_Name,Last_Name,Address,City,Zip_Code,Country,Phone_Number,Birth_Day, version) VALUES(65,'Lizette','Stem','501 N 19th Ave','Cherry Hill','8002','USA',8567023676,'3/23/1995', 0);
INSERT INTO Customers(customers_id,First_Name,Last_Name,Address,City,Zip_Code,Country,Phone_Number,Birth_Day, version) VALUES(66,'Gregoria','Pawlowicz','455 N Main Ave','Garden City','11530','USA',5163764230,'3/23/1996', 0);
INSERT INTO Customers(customers_id,First_Name,Last_Name,Address,City,Zip_Code,Country,Phone_Number,Birth_Day, version) VALUES(67,'Carin','Deleo','1844 Southern Blvd','Little Rock','72202','USA',5014096072,'3/23/1997', 0);
INSERT INTO Customers(customers_id,First_Name,Last_Name,Address,City,Zip_Code,Country,Phone_Number,Birth_Day, version) VALUES(68,'Chantell','Maynerich','2023 Greg St','Saint Paul','55101','USA',6517769688,'3/23/1998', 0);
INSERT INTO Customers(customers_id,First_Name,Last_Name,Address,City,Zip_Code,Country,Phone_Number,Birth_Day, version) VALUES(69,'Dierdre','Yum','63381 Jenks Ave','Philadelphia','19134','USA',2153464666,'3/23/1999', 0);
INSERT INTO Customers(customers_id,First_Name,Last_Name,Address,City,Zip_Code,Country,Phone_Number,Birth_Day, version) VALUES(70,'Larae','Gudroe','6651 Municipal Rd','Houma','70360','USA',9852615783,'3/23/2000', 0);
INSERT INTO Customers(customers_id,First_Name,Last_Name,Address,City,Zip_Code,Country,Phone_Number,Birth_Day, version) VALUES(71,'Latrice','Tolfree','81 Norris Ave #525','Ronkonkoma','11779','USA',6319982102,'3/23/2001', 0);
INSERT INTO Customers(customers_id,First_Name,Last_Name,Address,City,Zip_Code,Country,Phone_Number,Birth_Day, version) VALUES(72,'Kerry','Theodorov','6916 W Main St','Sacramento','95827','USA',9167707448,'3/23/1989', 0);
INSERT INTO Customers(customers_id,First_Name,Last_Name,Address,City,Zip_Code,Country,Phone_Number,Birth_Day, version) VALUES(73,'Dorthy','Hidvegi','9635 S Main St','Boise','83704','USA',2086903315,'3/23/1990', 0);
INSERT INTO Customers(customers_id,First_Name,Last_Name,Address,City,Zip_Code,Country,Phone_Number,Birth_Day, version) VALUES(74,'Fannie','Lungren','17 Us Highway 111','Round Rock','78664','USA',5125289933,'3/23/1991', 0);
INSERT INTO Customers(customers_id,First_Name,Last_Name,Address,City,Zip_Code,Country,Phone_Number,Birth_Day, version) VALUES(75,'Evangelina','Radde','992 Civic Center Dr','Philadelphia','19123','USA',2154175612,'3/23/1992', 0);
INSERT INTO Customers(customers_id,First_Name,Last_Name,Address,City,Zip_Code,Country,Phone_Number,Birth_Day, version) VALUES(76,'Novella','Degroot','303 N Radcliffe St','Hilo','96720','USA',8087461865,'3/23/1993', 0);
INSERT INTO Customers(customers_id,First_Name,Last_Name,Address,City,Zip_Code,Country,Phone_Number,Birth_Day, version) VALUES(77,'Clay','Hoa','73 Saint Ann St #86','Reno','89502','USA',7758489135,'3/23/1994', 0);
INSERT INTO Customers(customers_id,First_Name,Last_Name,Address,City,Zip_Code,Country,Phone_Number,Birth_Day, version) VALUES(78,'Jennifer','Fallick','44 58th St','Wheeling','60090','USA',8478003054,'3/23/1995', 0);
INSERT INTO Customers(customers_id,First_Name,Last_Name,Address,City,Zip_Code,Country,Phone_Number,Birth_Day, version) VALUES(79,'Irma','Wolfgramm','9745 W Main St','Randolph','7869','USA',9738688660,'3/23/1996', 0);
INSERT INTO Customers(customers_id,First_Name,Last_Name,Address,City,Zip_Code,Country,Phone_Number,Birth_Day, version) VALUES(80,'Eun','Coody','84 Bloomfield Ave','Spartanburg','29301','USA',8645944578,'3/23/1997', 0);
INSERT INTO Customers(customers_id,First_Name,Last_Name,Address,City,Zip_Code,Country,Phone_Number,Birth_Day, version) VALUES(81,'Sylvia','Cousey','287 Youngstown Warren Rd','Hampstead','21074','USA',4108638263,'3/23/1998', 0);
INSERT INTO Customers(customers_id,First_Name,Last_Name,Address,City,Zip_Code,Country,Phone_Number,Birth_Day, version) VALUES(82,'Nana','Wrinkles','6 Van Buren St','Mount Vernon','10553','USA',9147963775,'3/23/1999', 0);
INSERT INTO Customers(customers_id,First_Name,Last_Name,Address,City,Zip_Code,Country,Phone_Number,Birth_Day, version) VALUES(83,'Layla','Springe','229 N Forty Driv','New York','10011','USA',2122537448,'3/23/2000', 0);
INSERT INTO Customers(customers_id,First_Name,Last_Name,Address,City,Zip_Code,Country,Phone_Number,Birth_Day, version) VALUES(84,'Joesph','Degonia','2887 Knowlton St #5435','Berkeley','94710','USA',5109425916,'3/23/2001', 0);
INSERT INTO Customers(customers_id,First_Name,Last_Name,Address,City,Zip_Code,Country,Phone_Number,Birth_Day, version) VALUES(85,'Annabelle','Boord','523 Marquette Ave','Concord','1742','USA',9782897717,'3/23/1989', 0);
INSERT INTO Customers(customers_id,First_Name,Last_Name,Address,City,Zip_Code,Country,Phone_Number,Birth_Day, version) VALUES(86,'Stephaine','Vinning','3717 Hamann Industrial Pky','San Francisco','94104','USA',4157129530,'3/23/1990', 0);
INSERT INTO Customers(customers_id,First_Name,Last_Name,Address,City,Zip_Code,Country,Phone_Number,Birth_Day, version) VALUES(87,'Nelida','Sawchuk','3 State Route 35 S','Paramus','7652','USA',2012478925,'3/23/1991', 0);
INSERT INTO Customers(customers_id,First_Name,Last_Name,Address,City,Zip_Code,Country,Phone_Number,Birth_Day, version) VALUES(88,'Marguerita','Hiatt','82 N Highway 67','Oakley','94561','USA',9255418521,'3/23/1992', 0);
INSERT INTO Customers(customers_id,First_Name,Last_Name,Address,City,Zip_Code,Country,Phone_Number,Birth_Day, version) VALUES(89,'Carmela','Cookey','9 Murfreesboro Rd','Chicago','60623','USA',7732979391,'3/23/1993', 0);
INSERT INTO Customers(customers_id,First_Name,Last_Name,Address,City,Zip_Code,Country,Phone_Number,Birth_Day, version) VALUES(90,'Junita','Brideau','6 S Broadway St','Cedar Grove','7009','USA',9735825469,'3/23/1994', 0);
INSERT INTO Customers(customers_id,First_Name,Last_Name,Address,City,Zip_Code,Country,Phone_Number,Birth_Day, version) VALUES(91,'Claribel','Varriano','6 Harry L Dr #6327','Perrysburg','43551','USA',4195732033,'3/23/1995', 0);
INSERT INTO Customers(customers_id,First_Name,Last_Name,Address,City,Zip_Code,Country,Phone_Number,Birth_Day, version) VALUES(92,'Benton','Skursky','47939 Porter Ave','Gardena','90248','USA',3106948466,'3/23/1996', 0);
INSERT INTO Customers(customers_id,First_Name,Last_Name,Address,City,Zip_Code,Country,Phone_Number,Birth_Day, version) VALUES(93,'Hillary','Skulski','9 Wales Rd Ne #914','Homosassa','34448','USA',3529905946,'3/23/1997', 0);
INSERT INTO Customers(customers_id,First_Name,Last_Name,Address,City,Zip_Code,Country,Phone_Number,Birth_Day, version) VALUES(94,'Merilyn','Bayless','195 13n N','Santa Clara','95054','USA',4083462180,'3/23/1998', 0);
INSERT INTO Customers(customers_id,First_Name,Last_Name,Address,City,Zip_Code,Country,Phone_Number,Birth_Day, version) VALUES(95,'Teri','Ennaco','99 Tank Farm Rd','Hazleton','18201','USA',5703551665,'3/23/1999', 0);
INSERT INTO Customers(customers_id,First_Name,Last_Name,Address,City,Zip_Code,Country,Phone_Number,Birth_Day, version) VALUES(96,'Merlyn','Lawler','4671 Alemany Blvd','Jersey City','7304','USA',2018589960,'3/23/2000', 0);
INSERT INTO Customers(customers_id,First_Name,Last_Name,Address,City,Zip_Code,Country,Phone_Number,Birth_Day, version) VALUES(97,'Georgene','Montezuma','98 University Dr','San Ramon','94583','USA',9259433449,'3/23/2001', 0);
INSERT INTO Customers(customers_id,First_Name,Last_Name,Address,City,Zip_Code,Country,Phone_Number,Birth_Day, version) VALUES(98,'Jettie','Mconnell','50 E Wacker Dr','Bridgewater','8807','USA',9086025258,'3/23/1989', 0);
INSERT INTO Customers(customers_id,First_Name,Last_Name,Address,City,Zip_Code,Country,Phone_Number,Birth_Day, version) VALUES(99,'Lemuel','Latzke','70 Euclid Ave #722','Bohemia','11716','USA',6312914976,'3/23/1990', 0);
INSERT INTO Customers(customers_id,First_Name,Last_Name,Address,City,Zip_Code,Country,Phone_Number,Birth_Day, version) VALUES(100,'Melodie','Knipp','326 E Main St #6496','Thousand Oaks','91362','USA',8058108964,'3/23/1991', 0);
INSERT INTO Customers(customers_id,First_Name,Last_Name,Address,City,Zip_Code,Country,Phone_Number,Birth_Day, version) VALUES(101,'Candida','Corbley','406 Main St','Somerville','8876','USA',9089436103,'3/23/1992', 0);
INSERT INTO Customers(customers_id,First_Name,Last_Name,Address,City,Zip_Code,Country,Phone_Number,Birth_Day, version) VALUES(102,'Karan','Karpin','3 Elmwood Dr','Beaverton','97005','USA',5037075812,'3/23/1993', 0);
INSERT INTO Customers(customers_id,First_Name,Last_Name,Address,City,Zip_Code,Country,Phone_Number,Birth_Day, version) VALUES(103,'Andra','Scheyer','9 Church St','Salem','97302','USA',5039503068,'3/23/1994', 0);
INSERT INTO Customers(customers_id,First_Name,Last_Name,Address,City,Zip_Code,Country,Phone_Number,Birth_Day, version) VALUES(104,'Felicidad','Poullion','9939 N 14th St','Riverton','8077','USA',8568286021,'3/23/1995', 0);
INSERT INTO Customers(customers_id,First_Name,Last_Name,Address,City,Zip_Code,Country,Phone_Number,Birth_Day, version) VALUES(105,'Belen','Strassner','5384 Southwyck Blvd','Douglasville','30135','USA',7708024003,'3/23/1996', 0);
INSERT INTO Customers(customers_id,First_Name,Last_Name,Address,City,Zip_Code,Country,Phone_Number,Birth_Day, version) VALUES(106,'Gracia','Melnyk','97 Airport Loop Dr','Jacksonville','32216','USA',9046274341,'3/23/1997', 0);

INSERT INTO orders(orders_id,customers_id,users_id,Purchase_Date,version) VALUES(1000,1,3,'9/30/2018', 0);
INSERT INTO orders(orders_id,customers_id,users_id,Purchase_Date,version) VALUES(1001,3,3,'8/30/2018', 0);
INSERT INTO orders(orders_id,customers_id,users_id,Purchase_Date,version) VALUES(1002,5,3,'9/28/2018', 0);
INSERT INTO orders(orders_id,customers_id,users_id,Purchase_Date,version) VALUES(1003,1,2,'10/10/2018', 0);
INSERT INTO orders(orders_id,customers_id,users_id,Purchase_Date,version) VALUES(1004,2,3,'9/30/2019', 0);
INSERT INTO orders(orders_id,customers_id,users_id,Purchase_Date,version) VALUES(1005,1,3,'1/4/2010', 0);
INSERT INTO orders(orders_id,customers_id,users_id,Purchase_Date,version) VALUES(1006,3,3,'1/4/2011', 0);
INSERT INTO orders(orders_id,customers_id,users_id,Purchase_Date,version) VALUES(1007,5,3,'1/4/2012', 0);
INSERT INTO orders(orders_id,customers_id,users_id,Purchase_Date,version) VALUES(1008,1,2,'1/4/2013', 0);
INSERT INTO orders(orders_id,customers_id,users_id,Purchase_Date,version) VALUES(1009,2,3,'1/4/2014', 0);
INSERT INTO orders(orders_id,customers_id,users_id,Purchase_Date,version) VALUES(1010,4,5,'1/4/2010', 0);
INSERT INTO orders(orders_id,customers_id,users_id,Purchase_Date,version) VALUES(1011,5,6,'1/4/2011', 0);
INSERT INTO orders(orders_id,customers_id,users_id,Purchase_Date,version) VALUES(1012,6,12,'1/4/2012', 0);
INSERT INTO orders(orders_id,customers_id,users_id,Purchase_Date,version) VALUES(1013,7,19,'1/4/2013', 0);
INSERT INTO orders(orders_id,customers_id,users_id,Purchase_Date,version) VALUES(1014,8,31,'1/4/2014', 0);
INSERT INTO orders(orders_id,customers_id,users_id,Purchase_Date,version) VALUES(1015,9,30,'1/4/2010', 0);
INSERT INTO orders(orders_id,customers_id,users_id,Purchase_Date,version) VALUES(1016,10,24,'1/4/2011', 0);
INSERT INTO orders(orders_id,customers_id,users_id,Purchase_Date,version) VALUES(1017,4,22,'1/4/2012', 0);
INSERT INTO orders(orders_id,customers_id,users_id,Purchase_Date,version) VALUES(1018,3,16,'1/4/2013', 0);
INSERT INTO orders(orders_id,customers_id,users_id,Purchase_Date,version) VALUES(1019,11,12,'1/4/2014', 0);
INSERT INTO orders(orders_id,customers_id,users_id,Purchase_Date,version) VALUES(1020,12,43,'1/4/2010', 0);
INSERT INTO orders(orders_id,customers_id,users_id,Purchase_Date,version) VALUES(1021,13,54,'1/4/2011', 0);
INSERT INTO orders(orders_id,customers_id,users_id,Purchase_Date,version) VALUES(1022,14,23,'1/4/2012', 0);
INSERT INTO orders(orders_id,customers_id,users_id,Purchase_Date,version) VALUES(1023,15,31,'1/4/2013', 0);
INSERT INTO orders(orders_id,customers_id,users_id,Purchase_Date,version) VALUES(1024,16,45,'1/4/2014', 0);
INSERT INTO orders(orders_id,customers_id,users_id,Purchase_Date,version) VALUES(1025,17,6,'1/4/2010', 0);
INSERT INTO orders(orders_id,customers_id,users_id,Purchase_Date,version) VALUES(1026,18,45,'1/4/2011', 0);
INSERT INTO orders(orders_id,customers_id,users_id,Purchase_Date,version) VALUES(1027,19,51,'1/4/2012', 0);
INSERT INTO orders(orders_id,customers_id,users_id,Purchase_Date,version) VALUES(1028,20,32,'1/4/2013', 0);
INSERT INTO orders(orders_id,customers_id,users_id,Purchase_Date,version) VALUES(1029,35,36,'1/4/2010', 0);
INSERT INTO orders(orders_id,customers_id,users_id,Purchase_Date,version) VALUES(1030,36,12,'1/4/2011', 0);



INSERT INTO order_details(order_details_id, orders_id, products_id, quantity, unit_price, discount, version) VALUES(1, 1000,1,2,10,0, 0);
INSERT INTO order_details(order_details_id, orders_id, products_id, quantity, unit_price, discount, version) VALUES(2, 1000,7,4,10,0, 0);
INSERT INTO order_details(order_details_id, orders_id, products_id, quantity, unit_price, discount, version) VALUES(3, 1001,2,2,5,0, 0);
INSERT INTO order_details(order_details_id, orders_id, products_id, quantity, unit_price, discount, version) VALUES(4, 1001,4,2,30,0, 0);
INSERT INTO order_details(order_details_id, orders_id, products_id, quantity, unit_price, discount, version) VALUES(5, 1001,6,1,10,0, 0);
INSERT INTO order_details(order_details_id, orders_id, products_id, quantity, unit_price, discount, version) VALUES(6, 1002,4,2,30,0, 0);
INSERT INTO order_details(order_details_id, orders_id, products_id, quantity, unit_price, discount, version) VALUES(7, 1002,7,2,10,0, 0);
INSERT INTO order_details(order_details_id, orders_id, products_id, quantity, unit_price, discount, version) VALUES(8, 1003,3,2,20,0, 0);
INSERT INTO order_details(order_details_id, orders_id, products_id, quantity, unit_price, discount, version) VALUES(9, 1003,7,2,10,0, 0);
INSERT INTO order_details(order_details_id, orders_id, products_id, quantity, unit_price, discount, version) VALUES(10, 1003,6,1,10,0, 0);
INSERT INTO order_details(order_details_id, orders_id, products_id, quantity, unit_price, discount, version) VALUES(11, 1004,5,1,5,0, 0);
INSERT INTO order_details(order_details_id, orders_id, products_id, quantity, unit_price, discount, version) VALUES(12, 1004,4,1,30,0, 0);
INSERT INTO order_details(order_details_id, orders_id, products_id, quantity, unit_price, discount, version) VALUES(13, 1005,2,2,5,0, 0);
INSERT INTO order_details(order_details_id, orders_id, products_id, quantity, unit_price, discount, version) VALUES(14, 1005,47,7,10,0, 0);
INSERT INTO order_details(order_details_id, orders_id, products_id, quantity, unit_price, discount, version) VALUES(15, 1006,4,2,30,0, 0);
INSERT INTO order_details(order_details_id, orders_id, products_id, quantity, unit_price, discount, version) VALUES(16, 1006,44,7,20,0, 0);
INSERT INTO order_details(order_details_id, orders_id, products_id, quantity, unit_price, discount, version) VALUES(17, 1006,36,5,30,0, 0);
INSERT INTO order_details(order_details_id, orders_id, products_id, quantity, unit_price, discount, version) VALUES(18, 1007,6,1,10,0, 0);
INSERT INTO order_details(order_details_id, orders_id, products_id, quantity, unit_price, discount, version) VALUES(19, 1008,4,2,30,0, 0);
INSERT INTO order_details(order_details_id, orders_id, products_id, quantity, unit_price, discount, version) VALUES(20, 1009,7,2,10,0, 0);
INSERT INTO order_details(order_details_id, orders_id, products_id, quantity, unit_price, discount, version) VALUES(21, 1010,3,2,20,0, 0);
INSERT INTO order_details(order_details_id, orders_id, products_id, quantity, unit_price, discount, version) VALUES(22, 1011,5,1,5,0, 0);
INSERT INTO order_details(order_details_id, orders_id, products_id, quantity, unit_price, discount, version) VALUES(23, 1012,4,1,30,0, 0);
INSERT INTO order_details(order_details_id, orders_id, products_id, quantity, unit_price, discount, version) VALUES(24, 1013,1,2,10,0, 0);
INSERT INTO order_details(order_details_id, orders_id, products_id, quantity, unit_price, discount, version) VALUES(25, 1013,2,2,10,0, 0);
INSERT INTO order_details(order_details_id, orders_id, products_id, quantity, unit_price, discount, version) VALUES(26, 1014,7,4,10,0, 0);
INSERT INTO order_details(order_details_id, orders_id, products_id, quantity, unit_price, discount, version) VALUES(27, 1015,8,1,10,0, 0);
INSERT INTO order_details(order_details_id, orders_id, products_id, quantity, unit_price, discount, version) VALUES(28, 1016,9,1,12,0, 0);
INSERT INTO order_details(order_details_id, orders_id, products_id, quantity, unit_price, discount, version) VALUES(29, 1017,10,1,3,0, 0);
INSERT INTO order_details(order_details_id, orders_id, products_id, quantity, unit_price, discount, version) VALUES(30, 1018,11,1,6,0, 0);
INSERT INTO order_details(order_details_id, orders_id, products_id, quantity, unit_price, discount, version) VALUES(31, 1019,12,1,10,0, 0);
INSERT INTO order_details(order_details_id, orders_id, products_id, quantity, unit_price, discount, version) VALUES(32, 1020,13,1,20,0, 0);
INSERT INTO order_details(order_details_id, orders_id, products_id, quantity, unit_price, discount, version) VALUES(33, 1021,14,1,5,0, 0);
INSERT INTO order_details(order_details_id, orders_id, products_id, quantity, unit_price, discount, version) VALUES(34, 1022,15,1,15,0, 0);
INSERT INTO order_details(order_details_id, orders_id, products_id, quantity, unit_price, discount, version) VALUES(35, 1023,16,1,6,0, 0);
INSERT INTO order_details(order_details_id, orders_id, products_id, quantity, unit_price, discount, version) VALUES(36, 1024,17,1,8,0, 0);
INSERT INTO order_details(order_details_id, orders_id, products_id, quantity, unit_price, discount, version) VALUES(37, 1025,18,1,9,0, 0);
INSERT INTO order_details(order_details_id, orders_id, products_id, quantity, unit_price, discount, version) VALUES(38, 1026,19,10,5,0, 0);
INSERT INTO order_details(order_details_id, orders_id, products_id, quantity, unit_price, discount, version) VALUES(39, 1027,20,10,20,0, 0);
INSERT INTO order_details(order_details_id, orders_id, products_id, quantity, unit_price, discount, version) VALUES(40, 1028,21,10,15,0, 0);
INSERT INTO order_details(order_details_id, orders_id, products_id, quantity, unit_price, discount, version) VALUES(41, 1029,22,10,5,0, 0);
INSERT INTO order_details(order_details_id, orders_id, products_id, quantity, unit_price, discount, version) VALUES(42,1030,23,2,10,0, 0);
INSERT INTO order_details(order_details_id, orders_id, products_id, quantity, unit_price, discount, version) VALUES(43, 1001,12,1,10,0, 0);
INSERT INTO order_details(order_details_id, orders_id, products_id, quantity, unit_price, discount, version) VALUES(44, 1002,13,1,20,0, 0);
INSERT INTO order_details(order_details_id, orders_id, products_id, quantity, unit_price, discount, version) VALUES(45, 1003,14,1,5,0, 0);
INSERT INTO order_details(order_details_id, orders_id, products_id, quantity, unit_price, discount, version) VALUES(46, 1004,15,1,15,0, 0);
INSERT INTO order_details(order_details_id, orders_id, products_id, quantity, unit_price, discount, version) VALUES(47, 1005,16,1,6,0, 0);
INSERT INTO order_details(order_details_id, orders_id, products_id, quantity, unit_price, discount, version) VALUES(48, 1006,17,1,8,0, 0);
INSERT INTO order_details(order_details_id, orders_id, products_id, quantity, unit_price, discount, version) VALUES(49, 1007,18,1,9,0, 0);
INSERT INTO order_details(order_details_id, orders_id, products_id, quantity, unit_price, discount, version) VALUES(50, 1008,19,10,5,0, 0);
INSERT INTO order_details(order_details_id, orders_id, products_id, quantity, unit_price, discount, version) VALUES(51, 1009,20,10,20,0, 0);
INSERT INTO order_details(order_details_id, orders_id, products_id, quantity, unit_price, discount, version) VALUES(52, 1010,21,10,15,0, 0);
INSERT INTO order_details(order_details_id, orders_id, products_id, quantity, unit_price, discount, version) VALUES(53, 1011,22,10,5,0, 0);
INSERT INTO order_details(order_details_id, orders_id, products_id, quantity, unit_price, discount, version) VALUES(54, 1012,23,2,10,0, 0);
INSERT INTO order_details(order_details_id, orders_id, products_id, quantity, unit_price, discount, version) VALUES(55, 1013,47,7,10,0, 0);
INSERT INTO order_details(order_details_id, orders_id, products_id, quantity, unit_price, discount, version) VALUES(56, 1014,4,2,30,0, 0);
INSERT INTO order_details(order_details_id, orders_id, products_id, quantity, unit_price, discount, version) VALUES(57, 1015,48,7,20,0, 0);
INSERT INTO order_details(order_details_id, orders_id, products_id, quantity, unit_price, discount, version) VALUES(58, 1016,36,5,30,0, 0);
INSERT INTO order_details(order_details_id, orders_id, products_id, quantity, unit_price, discount, version) VALUES(59, 1017,6,1,10,0, 0);
INSERT INTO order_details(order_details_id, orders_id, products_id, quantity, unit_price, discount, version) VALUES(60, 1018,4,2,30,0, 0);
INSERT INTO order_details(order_details_id, orders_id, products_id, quantity, unit_price, discount, version) VALUES(61, 1019,1,2,10,0, 0);
INSERT INTO order_details(order_details_id, orders_id, products_id, quantity, unit_price, discount, version) VALUES(62, 1020,7,4,10,0, 0);
INSERT INTO order_details(order_details_id, orders_id, products_id, quantity, unit_price, discount, version) VALUES(63, 1021,2,2,5,0, 0);
INSERT INTO order_details(order_details_id, orders_id, products_id, quantity, unit_price, discount, version) VALUES(64, 1022,4,2,30,0, 0);
INSERT INTO order_details(order_details_id, orders_id, products_id, quantity, unit_price, discount, version) VALUES(65, 1023,6,1,10,0, 0);
INSERT INTO order_details(order_details_id, orders_id, products_id, quantity, unit_price, discount, version) VALUES(66, 1024,4,1,30,0, 0);
INSERT INTO order_details(order_details_id, orders_id, products_id, quantity, unit_price, discount, version) VALUES(67, 1025,4,2,30,0, 0);
INSERT INTO order_details(order_details_id, orders_id, products_id, quantity, unit_price, discount, version) VALUES(68, 1026,10,2,10,0, 0);
INSERT INTO order_details(order_details_id, orders_id, products_id, quantity, unit_price, discount, version) VALUES(69, 1027,3,2,20,0, 0);
INSERT INTO order_details(order_details_id, orders_id, products_id, quantity, unit_price, discount, version) VALUES(70, 1028,5,1,5,0, 0);
INSERT INTO order_details(order_details_id, orders_id, products_id, quantity, unit_price, discount, version) VALUES(71, 1029,4,1,30,0, 0);
INSERT INTO order_details(order_details_id, orders_id, products_id, quantity, unit_price, discount, version) VALUES(72, 1030,1,2,10,0, 0);
INSERT INTO order_details(order_details_id, orders_id, products_id, quantity, unit_price, discount, version) VALUES(73, 1001,21,10,15,0, 0);
INSERT INTO order_details(order_details_id, orders_id, products_id, quantity, unit_price, discount, version) VALUES(74, 1002,22,10,5,0, 0);
INSERT INTO order_details(order_details_id, orders_id, products_id, quantity, unit_price, discount, version) VALUES(75, 1003,23,2,10,0, 0);
INSERT INTO order_details(order_details_id, orders_id, products_id, quantity, unit_price, discount, version) VALUES(76, 1004,47,7,10,0, 0);
INSERT INTO order_details(order_details_id, orders_id, products_id, quantity, unit_price, discount, version) VALUES(77, 1005,4,2,30,0, 0);
INSERT INTO order_details(order_details_id, orders_id, products_id, quantity, unit_price, discount, version) VALUES(78, 1006,48,7,20,0, 0);
INSERT INTO order_details(order_details_id, orders_id, products_id, quantity, unit_price, discount, version) VALUES(79, 1007,36,5,30,0, 0);
INSERT INTO order_details(order_details_id, orders_id, products_id, quantity, unit_price, discount, version) VALUES(80, 1008,6,1,10,0, 0);
INSERT INTO order_details(order_details_id, orders_id, products_id, quantity, unit_price, discount, version) VALUES(81, 1009,4,2,30,0, 0);
INSERT INTO order_details(order_details_id, orders_id, products_id, quantity, unit_price, discount, version) VALUES(82, 1010,18,1,9,0, 0);
INSERT INTO order_details(order_details_id, orders_id, products_id, quantity, unit_price, discount, version) VALUES(83, 1011,19,10,5,0, 0);
INSERT INTO order_details(order_details_id, orders_id, products_id, quantity, unit_price, discount, version) VALUES(84, 1012,20,10,20,0, 0);
INSERT INTO order_details(order_details_id, orders_id, products_id, quantity, unit_price, discount, version) VALUES(85, 1013,21,10,15,0, 0);
INSERT INTO order_details(order_details_id, orders_id, products_id, quantity, unit_price, discount, version) VALUES(86, 1014,22,10,5,0, 0);
INSERT INTO order_details(order_details_id, orders_id, products_id, quantity, unit_price, discount, version) VALUES(87, 1015,23,2,10,0, 0);
INSERT INTO order_details(order_details_id, orders_id, products_id, quantity, unit_price, discount, version) VALUES(88, 1016,12,1,10,0, 0);
INSERT INTO order_details(order_details_id, orders_id, products_id, quantity, unit_price, discount, version) VALUES(89, 1017,13,1,20,0, 0);
INSERT INTO order_details(order_details_id, orders_id, products_id, quantity, unit_price, discount, version) VALUES(90, 1018,14,1,5,0, 0);
INSERT INTO order_details(order_details_id, orders_id, products_id, quantity, unit_price, discount, version) VALUES(91, 1019,15,1,15,0, 0);
INSERT INTO order_details(order_details_id, orders_id, products_id, quantity, unit_price, discount, version) VALUES(92, 1020,16,1,6,0, 0);
INSERT INTO order_details(order_details_id, orders_id, products_id, quantity, unit_price, discount, version) VALUES(93, 1021,17,1,8,0, 0);
INSERT INTO order_details(order_details_id, orders_id, products_id, quantity, unit_price, discount, version) VALUES(94, 1022,5,1,5,0, 0);
INSERT INTO order_details(order_details_id, orders_id, products_id, quantity, unit_price, discount, version) VALUES(95, 1023,4,1,30,0, 0);
INSERT INTO order_details(order_details_id, orders_id, products_id, quantity, unit_price, discount, version) VALUES(96, 1024,1,2,10,0, 0);
INSERT INTO order_details(order_details_id, orders_id, products_id, quantity, unit_price, discount, version) VALUES(97, 1025,2,2,10,0, 0);
INSERT INTO order_details(order_details_id, orders_id, products_id, quantity, unit_price, discount, version) VALUES(98, 1026,7,4,10,0, 0);
INSERT INTO order_details(order_details_id, orders_id, products_id, quantity, unit_price, discount, version) VALUES(99, 1027,8,1,10,0, 0);
INSERT INTO order_details(order_details_id, orders_id, products_id, quantity, unit_price, discount, version) VALUES(100, 1028,9,1,12,0, 0);
INSERT INTO order_details(order_details_id, orders_id, products_id, quantity, unit_price, discount, version) VALUES(101, 1029,10,1,3,0, 0);
INSERT INTO order_details(order_details_id, orders_id, products_id, quantity, unit_price, discount, version) VALUES(102, 1030,11,1,6,0, 0);
